<?xml version="1.0" encoding="UTF-8"?>
<krpano>

<!-- ************************ -->
<!--         Messages         -->
<!-- ************************ -->

  <data name="en_project_title"><![CDATA[Veena Developers]]></data>



  <data name="en_pano10_title"><![CDATA[Veena Developers]]></data>


	<data name="en_spotmap53_tooltip"><![CDATA[]]></data>




  <data name="en_CirclesControlBarplayVideoTip"><![CDATA[Play]]></data>
  <data name="en_CirclesControlBarpauseVideoTip"><![CDATA[Pause]]></data>
  <data name="en_CirclesControlBarprevSceneTip"><![CDATA[Previous scene]]></data>
  <data name="en_CirclesControlBarnextSceneTip"><![CDATA[Next scene]]></data>
  <data name="en_CirclesControlBarzoomInTip"><![CDATA[Zoom in]]></data>
  <data name="en_CirclesControlBarzoomOutTip"><![CDATA[Zoom out]]></data>
  <data name="en_CirclesControlBarmoveLeftTip"><![CDATA[Move left]]></data>
  <data name="en_CirclesControlBarmoveRightTip"><![CDATA[Move right]]></data>
  <data name="en_CirclesControlBarmoveUpTip"><![CDATA[Move up]]></data>
  <data name="en_CirclesControlBarmoveDownTip"><![CDATA[Move down]]></data>
  <data name="en_CirclesControlBarhomeTip"><![CDATA[Home]]></data>
  <data name="en_CirclesControlBaropenFsTip"><![CDATA[Enter fullscreen]]></data>
  <data name="en_CirclesControlBarcloseFsTip"><![CDATA[Exit fullscreen]]></data>
  <data name="en_CirclesControlBarautorotateOnTip"><![CDATA[Start autorotation]]></data>
  <data name="en_CirclesControlBarautorotateOffTip"><![CDATA[Stop autorotation]]></data>
  <data name="en_CirclesControlBarautotourOnTip"><![CDATA[Start automatic tour]]></data>
  <data name="en_CirclesControlBarautotourOffTip"><![CDATA[Stop automatic tour]]></data>
  <data name="en_CirclesControlBarshowThumbnailsTip"><![CDATA[Show thumbnails]]></data>
  <data name="en_CirclesControlBarhideThumbnailsTip"><![CDATA[Hide thumbnails]]></data>
  <data name="en_CirclesControlBardisplayHelpTip"><![CDATA[Show help screen]]></data>
  <data name="en_CirclesControlBarhideHelpTip"><![CDATA[Hide help screen]]></data>
  <data name="en_CirclesControlBardisplayControlsTip"><![CDATA[Show controls]]></data>
  <data name="en_CirclesControlBarhideControlsTip"><![CDATA[Hide controls]]></data>
  <data name="en_CirclesControlBarctrlmodeDragTip"><![CDATA[Change control mode]]></data>
  <data name="en_CirclesControlBarctrlmodeMoveTip"><![CDATA[Change control mode]]></data>


  <data name="en_vr_setup_hmd0"><![CDATA[SELECT YOUR HMD]]></data>
  <data name="en_vr_setup_advanced"><![CDATA[ADVANCED SETTINGS]]></data>
  <data name="en_vr_setup_title"><![CDATA[WEB VR SETTINGS]]></data>
  <data name="en_vr_setup_dvn1"><![CDATA[Device:]]></data>
  <data name="en_vr_setup_siz1"><![CDATA[Screen size:]]></data>
  <data name="en_vr_setup_ipd1"><![CDATA[IPD:]]></data>
  <data name="en_vr_setup_hmd1"><![CDATA[HMD:]]></data>
  <data name="en_vr_setup_hmd3"><![CDATA[Customize]]></data>
  <data name="en_vr_setup_cal"><![CDATA[Calibrate gyroscope]]></data>
  <data name="en_vr_setup_sav"><![CDATA[SAVE]]></data>
  <data name="en_vr_setup_rst"><![CDATA[RESET]]></data>
  <data name="en_vr_setup_simple"><![CDATA[SIMPLE]]></data>
  <data name="en_vr_setup_cls"><![CDATA[CLOSE]]></data>
  <data name="en_vr_setup_m31"><![CDATA[HMD SETTINGS]]></data>
  <data name="en_vr_setup_fov1"><![CDATA[FOV:]]></data>
  <data name="en_vr_setup_dst1"><![CDATA[Distortion:]]></data>
  <data name="en_vr_setup_d2tx"><![CDATA[Distortion 2:]]></data>
  <data name="en_vr_setup_vig1"><![CDATA[Vignette:]]></data>
  <data name="en_vr_setup_cac1"><![CDATA[Chromatic aberration:]]></data>
  <data name="en_vr_setup_olp1"><![CDATA[Overlap:]]></data>
  <data name="en_vr_setup_m35"><![CDATA[RETURN]]></data>
  <data name="en_vr_setup_cb1"><![CDATA[GYROSCOPE]]></data>
  <data name="en_vr_setup_cb2"><![CDATA[Place the device on a flat and[br]stable surface and tab CALIBRATE[br]to correct a gyroscope drifting.]]></data>
  <data name="en_vr_setup_cb3"><![CDATA[CALIBRATE]]></data>
  <data name="en_vr_setup_cb4"><![CDATA[RESET]]></data>
  <data name="en_vr_setup_cb5"><![CDATA[RETURN]]></data>
  <data name="en_vr_setup_cb6"><![CDATA[Calibrating...]]></data>
  <data name="en_vr_setup_cb7"><![CDATA[Successful calibration]]></data>
  <data name="en_vr_setup_cb8"><![CDATA[Calibration failed]]></data>
  <data name="en_vr_setup_unavailable"><![CDATA[VR mode[br]is unavailable on your device]]></data>






</krpano>