<?xml version="1.0" encoding="UTF-8"?>
<krpano version="1.19-pr16"
        onstart="startup"
        logkey="false"
        bgcolor="#ffffff"
        projectfloorplanurl=""
        projecttitleid="project_title"
        projectdescriptionid="">


  <security cors="">
    <!--
    <crossdomainxml url="http://RESSOURCES_URL/crossdomain.xml" />
    -->
    <allowdomain domain="*" />
  </security>

  <krpano tour_firststartactiondone="false" tour_firstlittleplanet="false"/>
  <events name="startbehavioursevents" onxmlcomplete="startbehavioursxmlcompleteaction();" onloadcomplete="startLittlePlanetIntroEffect();" keep="true"/>

  <!-- generated by Panotour Pro V2.5.14 64bits : 24-07-2019 18-11-17 -->
  <!-- Project file : D:\Yogesh\Veena Developers\Veena Developers.kpt -->
  <!-- Plugins and Spot Styles -->
  <include url="%FIRSTXML%/index_skin_vr.xml"/>
  <!-- Core actions -->
  <include url="%FIRSTXML%/index_core_vr.xml"/>
  <!-- Tour Messages -->
  <include url="%FIRSTXML%/index_messages_en.xml"/>

  <action name="startup">

    if (s !== null, if (startscene === null OR startscene === "undefined", set(startscene, get(s));); );
    if (startscene === null OR startscene === "undefined",
      set(startscene, pano10);
    );
    if(startlanguage !== null AND startlanguage !== "undefined",
      set(tour_language, get(startlanguage));
    );
    if(starttime !== null AND starttime !== "undefined" AND starttime GT 0,
      set(videoscenestarttime, get(starttime));
    ,
      set(videoscenestarttime, 0);
    );
    if(scene[get(startscene)].full360,
    mainloadsceneStartup(get(startscene));
    if (h !== null,
      if (v !== null,
        if (f !== null,
          lookat(get(h), get(v), get(f));
         ,
          lookat(get(h), get(v));
        );
      ,
        if (f !== null,
          lookat(get(h), get(view.vlookat), get(f));
         ,
          lookat(get(h), get(view.vlookat));
        );
      );
    ,
      if (v !== null,
        if (f !== null,
          lookat(get(view.hlookat), get(v), get(f));
         ,
          lookat(get(view.hlookat), get(v));
        );
      ,
        if (f !== null,
          lookat(get(view.hlookat), get(view.vlookat), get(f));
        );
      );
    );
    );
  </action>

  <!-- 1 Groups -->

  <!-- Group Group 11 : 1 panoramas -->
  
<!-- **** @PanoName="Veena Developers" @PanoFile="D:/Yogesh/Veena Developers/veena.jpg" **** -->
<!-- **** Width="10028px" Height="5014px" **** -->
<scene name="pano10"
       latitude="19.215294444444002"
       longitude="72.843516666667"
       heading="115.20000000000044"
       thumburl="%FIRSTXML%/veena_developers_10/thumbnail.jpg"
       backgroundsound=""
       backgroundsoundloops="0"
       haspolygons="false"
       titleid="pano10_title"
       descriptionid=""
       multires="true"
       planar="false"
       full360="true"
       video="false"
       seen="false">
    <autorotate horizon="-1.773400" tofov="90.000000" waittime="1" speed="5"/>
    <panoview h="-32.807900" v="-1.773400" fov="90.000000" hmin="-180" hmax="180" vmin="-90" vmax="90" fovmax="90" />
    <view fisheye="0"
          limitview="range"
          hlookatmin="-180"
          hlookatmax="180"
          vlookatmin="-90"
          vlookatmax="90"
          maxpixelzoom="1.0"
          fovtype="VFOV"
          fovmax="90"
          fov="90.000000"
          hlookat="-32.807900"
          vlookat="-1.773400"/>
    <preview url="%FIRSTXML%/veena_developers_10/preview.jpg" type="CUBESTRIP" striporder="FRBLUD" />
    <image type="CUBE" multires="true" baseindex="0" tilesize="512" devices="!androidstock|webgl">
      <level tiledimagewidth="3584" tiledimageheight="3584">
          <front url="veena_developers_10/0/2/%v_%u.jpg"/>
          <right url="veena_developers_10/1/2/%v_%u.jpg"/>
          <back  url="veena_developers_10/2/2/%v_%u.jpg"/>
          <left  url="veena_developers_10/3/2/%v_%u.jpg"/>
          <up    url="veena_developers_10/4/2/%v_%u.jpg"/>
          <down  url="veena_developers_10/5/2/%v_%u.jpg"/>
      </level>
      <level tiledimagewidth="2048" tiledimageheight="2048">
          <front url="veena_developers_10/0/1/%v_%u.jpg"/>
          <right url="veena_developers_10/1/1/%v_%u.jpg"/>
          <back  url="veena_developers_10/2/1/%v_%u.jpg"/>
          <left  url="veena_developers_10/3/1/%v_%u.jpg"/>
          <up    url="veena_developers_10/4/1/%v_%u.jpg"/>
          <down  url="veena_developers_10/5/1/%v_%u.jpg"/>
      </level>
      <level tiledimagewidth="1024" tiledimageheight="1024">
          <front url="veena_developers_10/0/0/%v_%u.jpg"/>
          <right url="veena_developers_10/1/0/%v_%u.jpg"/>
          <back  url="veena_developers_10/2/0/%v_%u.jpg"/>
          <left  url="veena_developers_10/3/0/%v_%u.jpg"/>
          <up    url="veena_developers_10/4/0/%v_%u.jpg"/>
          <down  url="veena_developers_10/5/0/%v_%u.jpg"/>
      </level>
    </image>
    <image type="CUBE" devices="androidstock.and.no-webgl">
      <front url="veena_developers_10/mobile/0.jpg"/>
      <right url="veena_developers_10/mobile/1.jpg"/>
      <back  url="veena_developers_10/mobile/2.jpg"/>
      <left  url="veena_developers_10/mobile/3.jpg"/>
      <up    url="veena_developers_10/mobile/4.jpg"/>
      <down  url="veena_developers_10/mobile/5.jpg"/>
    </image>





</scene>

  <krpano nofullspherepanoavailable="false" />



</krpano>

